"","iso3c","Country","year","km2"
"1","ABW","Aruba",2000,30.05828082
"2","ABW","Aruba",2010,35.59466503
"3","ABW","Aruba",2020,42.09747687
"4","ABW","Aruba",2030,48.69843001
"5","ABW","Aruba",2040,55.75577831
"6","ABW","Aruba",2050,63.2607388
"7","AFG","Afghanistan",2000,724.1323156
"8","AFG","Afghanistan",2010,964.7318719
"9","AFG","Afghanistan",2020,1341.393518
"10","AFG","Afghanistan",2030,1805.125402
"11","AFG","Afghanistan",2040,2352.187899
"12","AFG","Afghanistan",2050,2963.536646
"13","AGO","Angola",2000,1212.932261
"14","AGO","Angola",2010,1513.836154
"15","AGO","Angola",2020,1756.365926
"16","AGO","Angola",2030,2012.829745
"17","AGO","Angola",2040,2290.956694
"18","AGO","Angola",2050,2574.758127
"19","AIA","Anguilla",2000,0.924514612
"20","AIA","Anguilla",2010,0.984436594
"21","AIA","Anguilla",2020,1.042120391
"22","AIA","Anguilla",2030,1.109595741
"23","AIA","Anguilla",2040,1.191870898
"24","AIA","Anguilla",2050,1.287454917
"25","ALB","Albania",2000,421.9800241
"26","ALB","Albania",2010,508.1618999
"27","ALB","Albania",2020,592.6520013
"28","ALB","Albania",2030,685.9394791
"29","ALB","Albania",2040,785.6886042
"30","ALB","Albania",2050,892.8878407
"31","AND","Andorra",2000,8.280701713
"32","AND","Andorra",2010,9.290841371
"33","AND","Andorra",2020,9.913306464
"34","AND","Andorra",2030,10.57083324
"35","AND","Andorra",2040,11.33906237
"36","AND","Andorra",2050,12.21142473
"37","ANT","Netherland Antilles",2000,40.00709076
"38","ANT","Netherland Antilles",2010,43.48461524
"39","ANT","Netherland Antilles",2020,45.97638056
"40","ANT","Netherland Antilles",2030,48.94602066
"41","ANT","Netherland Antilles",2040,52.54507479
"42","ANT","Netherland Antilles",2050,56.63514677
"43","ARE","United Arab Emirates",2000,266.1025334
"44","ARE","United Arab Emirates",2010,294.5197578
"45","ARE","United Arab Emirates",2020,321.9297451
"46","ARE","United Arab Emirates",2030,352.5209689
"47","ARE","United Arab Emirates",2040,386.2536424
"48","ARE","United Arab Emirates",2050,423.3844328
"49","ARG","Argentina",2000,4815.775612
"50","ARG","Argentina",2010,5275.903181
"51","ARG","Argentina",2020,5722.742944
"52","ARG","Argentina",2030,6202.209388
"53","ARG","Argentina",2040,6723.598098
"54","ARG","Argentina",2050,7291.424676
"55","ARM","Armenia",2000,460.8857837
"56","ARM","Armenia",2010,506.8074474
"57","ARM","Armenia",2020,574.5680775
"58","ARM","Armenia",2030,650.7102109
"59","ARM","Armenia",2040,733.5755334
"60","ARM","Armenia",2050,824.0684859
"61","ASM","American Samoa",2000,1.29038294
"62","ASM","American Samoa",2010,1.410131695
"63","ASM","American Samoa",2020,1.502535402
"64","ASM","American Samoa",2030,1.60115111
"65","ASM","American Samoa",2040,1.719070817
"66","ASM","American Samoa",2050,1.852911235
"67","ATG","Antigua and Barbuda",2000,8.514260713
"68","ATG","Antigua and Barbuda",2010,10.69086867
"69","ATG","Antigua and Barbuda",2020,13.55795572
"70","ATG","Antigua and Barbuda",2030,17.34098434
"71","ATG","Antigua and Barbuda",2040,22.37822335
"72","ATG","Antigua and Barbuda",2050,28.92982928
"73","AUS","Australia",2000,9836.132474
"74","AUS","Australia",2010,10822.56355
"75","AUS","Australia",2020,11829.06888
"76","AUS","Australia",2030,12922.01819
"77","AUS","Australia",2040,14110.70458
"78","AUS","Australia",2050,15392.25448
"79","AUT","Austria",2000,2897.720954
"80","AUT","Austria",2010,3306.604234
"81","AUT","Austria",2020,3764.876669
"82","AUT","Austria",2030,4270.273115
"83","AUT","Austria",2040,4818.639833
"84","AUT","Austria",2050,5412.255888
"85","AZE","Azerbaijan",2000,1189.593267
"86","AZE","Azerbaijan",2010,1237.384111
"87","AZE","Azerbaijan",2020,1396.873798
"88","AZE","Azerbaijan",2030,1613.163089
"89","AZE","Azerbaijan",2040,1857.378122
"90","AZE","Azerbaijan",2050,2120.758516
"91","BDI","Burundi",2000,166.8367499
"92","BDI","Burundi",2010,281.4682383
"93","BDI","Burundi",2020,457.7645563
"94","BDI","Burundi",2030,726.7847192
"95","BDI","Burundi",2040,1095.753107
"96","BDI","Burundi",2050,1566.084459
"97","BEL","Belgium",2000,4769.878791
"98","BEL","Belgium",2010,5221.83044
"99","BEL","Belgium",2020,5671.588957
"100","BEL","Belgium",2030,6144.901834
"101","BEL","Belgium",2040,6650.072388
"102","BEL","Belgium",2050,7198.870731
"103","BEN","Benin",2000,697.0844573
"104","BEN","Benin",2010,940.6797396
"105","BEN","Benin",2020,1201.820891
"106","BEN","Benin",2030,1472.378118
"107","BEN","Benin",2040,1732.502684
"108","BEN","Benin",2050,1980.354355
"109","BFA","Burkina Faso",2000,460.8411766
"110","BFA","Burkina Faso",2010,722.1615463
"111","BFA","Burkina Faso",2020,1077.083406
"112","BFA","Burkina Faso",2030,1487.808683
"113","BFA","Burkina Faso",2040,1913.234735
"114","BFA","Burkina Faso",2050,2329.934643
"115","BGD","Bangladesh",2000,685.6080946
"116","BGD","Bangladesh",2010,900.092288
"117","BGD","Bangladesh",2020,1158.880444
"118","BGD","Bangladesh",2030,1453.326436
"119","BGD","Bangladesh",2040,1772.725519
"120","BGD","Bangladesh",2050,2098.000271
"121","BGR","Bulgaria",2000,1900.954428
"122","BGR","Bulgaria",2010,2120.572632
"123","BGR","Bulgaria",2020,2385.262933
"124","BGR","Bulgaria",2030,2668.242668
"125","BGR","Bulgaria",2040,2978.301717
"126","BGR","Bulgaria",2050,3318.265098
"127","BHR","Bahrain",2000,137.1193203
"128","BHR","Bahrain",2010,147.4629493
"129","BHR","Bahrain",2020,159.6928314
"130","BHR","Bahrain",2030,172.6226443
"131","BHR","Bahrain",2040,186.742739
"132","BHR","Bahrain",2050,202.3926704
"133","BHS","Bahamas",2000,68.972075
"134","BHS","Bahamas",2010,77.04760587
"135","BHS","Bahamas",2020,85.40611059
"136","BHS","Bahamas",2030,94.04001632
"137","BHS","Bahamas",2040,103.1843103
"138","BHS","Bahamas",2050,112.9553368
"139","BIH","Bosnia-Herzegovina",2000,447.2464979
"140","BIH","Bosnia-Herzegovina",2010,520.252038
"141","BIH","Bosnia-Herzegovina",2020,600.5881103
"142","BIH","Bosnia-Herzegovina",2030,676.9541576
"143","BIH","Bosnia-Herzegovina",2040,777.3328603
"144","BIH","Bosnia-Herzegovina",2050,891.2713021
"145","BLR","Belarus",2000,979.8844152
"146","BLR","Belarus",2010,1084.775646
"147","BLR","Belarus",2020,1209.000549
"148","BLR","Belarus",2030,1347.391921
"149","BLR","Belarus",2040,1498.992499
"150","BLR","Belarus",2050,1664.62564
"151","BLZ","Belize",2000,22.71193785
"152","BLZ","Belize",2010,29.37864959
"153","BLZ","Belize",2020,36.3235416
"154","BLZ","Belize",2030,42.30558926
"155","BLZ","Belize",2040,48.40811729
"156","BLZ","Belize",2050,54.92828333
"157","BMU","Bermuda",2000,0.573063365
"158","BMU","Bermuda",2010,0.610220808
"159","BMU","Bermuda",2020,0.647716187
"160","BMU","Bermuda",2030,0.691423637
"161","BMU","Bermuda",2040,0.743371905
"162","BMU","Bermuda",2050,0.802234113
"163","BOL","Bolivia",2000,824.2914305
"164","BOL","Bolivia",2010,950.447869
"165","BOL","Bolivia",2020,1074.775319
"166","BOL","Bolivia",2030,1203.679613
"167","BOL","Bolivia",2040,1342.466949
"168","BOL","Bolivia",2050,1492.044808
"169","BRA","Brazil",2000,17766.42494
"170","BRA","Brazil",2010,19870.74754
"171","BRA","Brazil",2020,21836.1953
"172","BRA","Brazil",2030,23906.49628
"173","BRA","Brazil",2040,26169.98134
"174","BRA","Brazil",2050,28635.60116
"175","BRB","Barbados",2000,53.30844492
"176","BRB","Barbados",2010,67.92741015
"177","BRB","Barbados",2020,82.91182037
"178","BRB","Barbados",2030,97.37185217
"179","BRB","Barbados",2040,113.4372956
"180","BRB","Barbados",2050,131.0005087
"181","BRN","Brunei Darussalam",2000,132.6183505
"182","BRN","Brunei Darussalam",2010,151.2104482
"183","BRN","Brunei Darussalam",2020,169.7397093
"184","BRN","Brunei Darussalam",2030,189.1906571
"185","BRN","Brunei Darussalam",2040,209.8636911
"186","BRN","Brunei Darussalam",2050,231.8804676
"187","BTN","Bhutan",2000,2.4355809
"188","BTN","Bhutan",2010,3.88369598
"189","BTN","Bhutan",2020,5.377816291
"190","BTN","Bhutan",2030,6.762727676
"191","BTN","Bhutan",2040,8.076298288
"192","BTN","Bhutan",2050,9.311200896
"193","BWA","Botswana",2000,342.2141995
"194","BWA","Botswana",2010,411.1508344
"195","BWA","Botswana",2020,473.7447298
"196","BWA","Botswana",2030,538.9398372
"197","BWA","Botswana",2040,608.9522303
"198","BWA","Botswana",2050,683.9887174
"199","CAF","Central African Republic",2000,249.0546056
"200","CAF","Central African Republic",2010,332.4305901
"201","CAF","Central African Republic",2020,423.7982884
"202","CAF","Central African Republic",2030,518.4981029
"203","CAF","Central African Republic",2040,612.3926407
"204","CAF","Central African Republic",2050,700.4311995
"205","CAN","Canada",2000,9652.245024
"206","CAN","Canada",2010,10774.55064
"207","CAN","Canada",2020,11993.30811
"208","CAN","Canada",2030,13300.46644
"209","CAN","Canada",2040,14686.1255
"210","CAN","Canada",2050,16164.03399
"211","CHE","Switzerland",2000,2333.433621
"212","CHE","Switzerland",2010,2614.23103
"213","CHE","Switzerland",2020,2945.745927
"214","CHE","Switzerland",2030,3305.967859
"215","CHE","Switzerland",2040,3690.356755
"216","CHE","Switzerland",2050,4097.508964
"217","CHL","Chile",2000,1787.989422
"218","CHL","Chile",2010,1980.981198
"219","CHL","Chile",2020,2158.200245
"220","CHL","Chile",2030,2349.377074
"221","CHL","Chile",2040,2557.663566
"222","CHL","Chile",2050,2781.772095
"223","CHN","China",2000,73492.17162
"224","CHN","China",2010,99450.59905
"225","CHN","China",2020,131437.6292
"226","CHN","China",2030,170607.1282
"227","CHN","China",2040,200098.7334
"228","CHN","China",2050,229800.22
"229","CIV","Ivory Coast",2000,1944.832323
"230","CIV","Ivory Coast",2010,2532.536882
"231","CIV","Ivory Coast",2020,3082.869077
"232","CIV","Ivory Coast",2030,3509.994763
"233","CIV","Ivory Coast",2040,3951.293783
"234","CIV","Ivory Coast",2050,4435.578728
"235","CMR","Cameroon",2000,1102.8061
"236","CMR","Cameroon",2010,1363.801489
"237","CMR","Cameroon",2020,1584.065257
"238","CMR","Cameroon",2030,1792.406118
"239","CMR","Cameroon",2040,2006.182308
"240","CMR","Cameroon",2050,2232.602058
"241","COD","Congo, Democratic Republic",2000,3208.013939
"242","COD","Congo, Democratic Republic",2010,4179.405534
"243","COD","Congo, Democratic Republic",2020,5479.681855
"244","COD","Congo, Democratic Republic",2030,6860.083106
"245","COD","Congo, Democratic Republic",2040,8333.437453
"246","COD","Congo, Democratic Republic",2050,9830.727209
"247","COG","Congo",2000,311.554941
"248","COG","Congo",2010,392.1419963
"249","COG","Congo",2020,449.2837865
"250","COG","Congo",2030,505.2658462
"251","COG","Congo",2040,564.7974985
"252","COG","Congo",2050,628.7159439
"253","COK","Cook Islands",2000,0
"254","COK","Cook Islands",2010,0
"255","COK","Cook Islands",2020,0
"256","COK","Cook Islands",2030,0
"257","COK","Cook Islands",2040,0
"258","COK","Cook Islands",2050,0
"259","COL","Colombia",2000,2133.744448
"260","COL","Colombia",2010,2406.9448
"261","COL","Colombia",2020,2687.051183
"262","COL","Colombia",2030,2988.384584
"263","COL","Colombia",2040,3306.365317
"264","COL","Colombia",2050,3644.60871
"265","COM","Comoros",2000,22.64103481
"266","COM","Comoros",2010,26.49026196
"267","COM","Comoros",2020,34.45204347
"268","COM","Comoros",2030,43.68238818
"269","COM","Comoros",2040,53.28451276
"270","COM","Comoros",2050,62.83747204
"271","CPV","Cape Verde",2000,14.03886683
"272","CPV","Cape Verde",2010,15.89107268
"273","CPV","Cape Verde",2020,18.12442782
"274","CPV","Cape Verde",2030,20.54703113
"275","CPV","Cape Verde",2040,23.16350452
"276","CPV","Cape Verde",2050,25.98117909
"277","CRI","Costa Rica",2000,534.2547552
"278","CRI","Costa Rica",2010,611.7490144
"279","CRI","Costa Rica",2020,695.2296723
"280","CRI","Costa Rica",2030,785.7270174
"281","CRI","Costa Rica",2040,883.7536788
"282","CRI","Costa Rica",2050,989.4848087
"283","CUB","Cuba",2000,754.8725094
"284","CUB","Cuba",2010,831.2817292
"285","CUB","Cuba",2020,929.6229509
"286","CUB","Cuba",2030,1038.405065
"287","CUB","Cuba",2040,1155.374877
"288","CUB","Cuba",2050,1279.552115
"289","CYM","Cayman Islands",2000,7.698996259
"290","CYM","Cayman Islands",2010,8.363709856
"291","CYM","Cayman Islands",2020,8.858449246
"292","CYM","Cayman Islands",2030,9.434010715
"293","CYM","Cayman Islands",2040,10.1284196
"294","CYM","Cayman Islands",2050,10.92238589
"295","CYP","Cyprus",2000,241.9316319
"296","CYP","Cyprus",2010,275.6751297
"297","CYP","Cyprus",2020,313.8174736
"298","CYP","Cyprus",2030,353.9085136
"299","CYP","Cyprus",2040,396.5143304
"300","CYP","Cyprus",2050,442.2973471
"301","CZE","Czech Republic",2000,3346.173436
"302","CZE","Czech Republic",2010,3717.434407
"303","CZE","Czech Republic",2020,4168.186588
"304","CZE","Czech Republic",2030,4654.12483
"305","CZE","Czech Republic",2040,5176.260161
"306","CZE","Czech Republic",2050,5741.118808
"307","DEU","Germany",2000,24220.10292
"308","DEU","Germany",2010,27221.36345
"309","DEU","Germany",2020,30717.20086
"310","DEU","Germany",2030,34542.86045
"311","DEU","Germany",2040,38615.35754
"312","DEU","Germany",2050,42949.27569
"313","DJI","Djibouti",2000,13.73764185
"314","DJI","Djibouti",2010,15.9785094
"315","DJI","Djibouti",2020,17.80718136
"316","DJI","Djibouti",2030,19.52800792
"317","DJI","Djibouti",2040,21.32812816
"318","DJI","Djibouti",2050,23.27053576
"319","DMA","Commonwealth of Dominica",2000,4.037981905
"320","DMA","Commonwealth of Dominica",2010,4.852962409
"321","DMA","Commonwealth of Dominica",2020,5.245136545
"322","DMA","Commonwealth of Dominica",2030,5.608359061
"323","DMA","Commonwealth of Dominica",2040,6.027906498
"324","DMA","Commonwealth of Dominica",2050,6.501109643
"325","DNK","Denmark",2000,1777.556943
"326","DNK","Denmark",2010,1972.47403
"327","DNK","Denmark",2020,2178.747642
"328","DNK","Denmark",2030,2398.74699
"329","DNK","Denmark",2040,2633.252983
"330","DNK","Denmark",2050,2882.676866
"331","DOM","Dominican Republic",2000,689.9693699
"332","DOM","Dominican Republic",2010,799.3905516
"333","DOM","Dominican Republic",2020,903.4684934
"334","DOM","Dominican Republic",2030,1013.836789
"335","DOM","Dominican Republic",2040,1132.651973
"336","DOM","Dominican Republic",2050,1260.808008
"337","DZA","Algeria",2000,2484.449993
"338","DZA","Algeria",2010,2899.717037
"339","DZA","Algeria",2020,3304.213504
"340","DZA","Algeria",2030,3725.176753
"341","DZA","Algeria",2040,4191.777668
"342","DZA","Algeria",2050,4691.384838
"343","ECU","Ecuador",2000,891.6851567
"344","ECU","Ecuador",2010,1016.870293
"345","ECU","Ecuador",2020,1152.268652
"346","ECU","Ecuador",2030,1297.734661
"347","ECU","Ecuador",2040,1454.180066
"348","ECU","Ecuador",2050,1621.644549
"349","EGY","Egypt",2000,4573.955128
"350","EGY","Egypt",2010,5322.373878
"351","EGY","Egypt",2020,6448.592487
"352","EGY","Egypt",2030,7668.264221
"353","EGY","Egypt",2040,8893.456008
"354","EGY","Egypt",2050,10203.44868
"355","ERI","Eritrea",2000,215.0629252
"356","ERI","Eritrea",2010,279.840625
"357","ERI","Eritrea",2020,379.7732393
"358","ERI","Eritrea",2030,509.9854409
"359","ERI","Eritrea",2040,662.1815551
"360","ERI","Eritrea",2050,828.4501779
"361","ESP","Spain",2000,7719.083427
"362","ESP","Spain",2010,8760.149552
"363","ESP","Spain",2020,9857.42264
"364","ESP","Spain",2030,11023.13897
"365","ESP","Spain",2040,12260.66909
"366","ESP","Spain",2050,13579.0301
"367","EST","Estonia",2000,172.1408836
"368","EST","Estonia",2010,192.1379916
"369","EST","Estonia",2020,216.0136397
"370","EST","Estonia",2030,242.9532756
"371","EST","Estonia",2040,272.2899838
"372","EST","Estonia",2050,304.3547288
"373","ETH","Ethiopia",2000,1086.067569
"374","ETH","Ethiopia",2010,1508.904611
"375","ETH","Ethiopia",2020,2093.440135
"376","ETH","Ethiopia",2030,2863.184072
"377","ETH","Ethiopia",2040,3821.751587
"378","ETH","Ethiopia",2050,4943.236617
"379","FIN","Finland",2000,644.2823902
"380","FIN","Finland",2010,722.1074035
"381","FIN","Finland",2020,799.7448873
"382","FIN","Finland",2030,882.6019276
"383","FIN","Finland",2040,970.7501037
"384","FIN","Finland",2050,1065.032199
"385","FJI","Fiji",2000,17.81864083
"386","FJI","Fiji",2010,19.93741311
"387","FJI","Fiji",2020,22.87423975
"388","FJI","Fiji",2030,26.36858629
"389","FJI","Fiji",2040,30.11704252
"390","FJI","Fiji",2050,34.12650998
"391","FLK","Falkland Islands",2000,0
"392","FLK","Falkland Islands",2010,0
"393","FLK","Falkland Islands",2020,0
"394","FLK","Falkland Islands",2030,0
"395","FLK","Falkland Islands",2040,0
"396","FLK","Falkland Islands",2050,0
"397","FRA","France",2000,19078.99155
"398","FRA","France",2010,21750.86364
"399","FRA","France",2020,24187.41466
"400","FRA","France",2030,26682.89288
"401","FRA","France",2040,29321.11919
"402","FRA","France",2050,32148.74659
"403","FRO","Faeroe Islands",2000,0
"404","FRO","Faeroe Islands",2010,0
"405","FRO","Faeroe Islands",2020,0
"406","FRO","Faeroe Islands",2030,0
"407","FRO","Faeroe Islands",2040,0
"408","FRO","Faeroe Islands",2050,0
"409","FSM","Federated State of Micronesia",2000,4.167914898
"410","FSM","Federated State of Micronesia",2010,4.828159104
"411","FSM","Federated State of Micronesia",2020,5.993203662
"412","FSM","Federated State of Micronesia",2030,7.522074222
"413","FSM","Federated State of Micronesia",2040,9.355249154
"414","FSM","Federated State of Micronesia",2050,11.39651856
"415","GAB","Gabon",2000,264.0102676
"416","GAB","Gabon",2010,305.8974182
"417","GAB","Gabon",2020,339.1043568
"418","GAB","Gabon",2030,371.3163391
"419","GAB","Gabon",2040,405.3353859
"420","GAB","Gabon",2050,442.014387
"421","GBR","United Kingdom",2000,12891.753
"422","GBR","United Kingdom",2010,14269.43756
"423","GBR","United Kingdom",2020,15911.9821
"424","GBR","United Kingdom",2030,17662.43994
"425","GBR","United Kingdom",2040,19522.00193
"426","GBR","United Kingdom",2050,21503.07595
"427","GEO","Georgia",2000,797.670596
"428","GEO","Georgia",2010,842.3161349
"429","GEO","Georgia",2020,911.2017791
"430","GEO","Georgia",2030,1039.994615
"431","GEO","Georgia",2040,1189.50904
"432","GEO","Georgia",2050,1354.548281
"433","GGY","Guernsey",2000,17.20539302
"434","GGY","Guernsey",2010,20.65681892
"435","GGY","Guernsey",2020,25.76140336
"436","GGY","Guernsey",2030,32.60343759
"437","GGY","Guernsey",2040,41.72036697
"438","GGY","Guernsey",2050,53.62167505
"439","GHA","Ghana",2000,2823.75659
"440","GHA","Ghana",2010,3711.918805
"441","GHA","Ghana",2020,4502.493962
"442","GHA","Ghana",2030,5174.847328
"443","GHA","Ghana",2040,5864.447585
"444","GHA","Ghana",2050,6597.627606
"445","GIB","Gibraltar",2000,0.16669131
"446","GIB","Gibraltar",2010,0.177977396
"447","GIB","Gibraltar",2020,0.189126674
"448","GIB","Gibraltar",2030,0.202050543
"449","GIB","Gibraltar",2040,0.217408958
"450","GIB","Gibraltar",2050,0.234694367
"451","GIN","Guinea",2000,668.3853575
"452","GIN","Guinea",2010,981.2534155
"453","GIN","Guinea",2020,1257.345006
"454","GIN","Guinea",2030,1515.302694
"455","GIN","Guinea",2040,1771.291032
"456","GIN","Guinea",2050,2018.913121
"457","GLP","Guadeloupe",2000,54.73207048
"458","GLP","Guadeloupe",2010,59.85509953
"459","GLP","Guadeloupe",2020,63.86634092
"460","GLP","Guadeloupe",2030,68.18823187
"461","GLP","Guadeloupe",2040,73.22602629
"462","GLP","Guadeloupe",2050,78.92297921
"463","GMB","Gambia",2000,153.2566534
"464","GMB","Gambia",2010,204.8086689
"465","GMB","Gambia",2020,240.7318997
"466","GMB","Gambia",2030,272.6878048
"467","GMB","Gambia",2040,304.9864879
"468","GMB","Gambia",2050,339.0350976
"469","GNB","Guinea-Bissau",2000,63.94935148
"470","GNB","Guinea-Bissau",2010,85.01876121
"471","GNB","Guinea-Bissau",2020,110.5508937
"472","GNB","Guinea-Bissau",2030,139.0865913
"473","GNB","Guinea-Bissau",2040,168.3130026
"474","GNB","Guinea-Bissau",2050,196.9002432
"475","GNQ","Equatorial Guinea",2000,50.48308075
"476","GNQ","Equatorial Guinea",2010,60.98343092
"477","GNQ","Equatorial Guinea",2020,76.67229895
"478","GNQ","Equatorial Guinea",2030,94.64087732
"479","GNQ","Equatorial Guinea",2040,113.3921937
"480","GNQ","Equatorial Guinea",2050,132.0446664
"481","GRC","Greece",2000,2037.746122
"482","GRC","Greece",2010,2320.933059
"483","GRC","Greece",2020,2684.354545
"484","GRC","Greece",2030,3070.448985
"485","GRC","Greece",2040,3482.211309
"486","GRC","Greece",2050,3923.995091
"487","GRD","Grenada",2000,9.825405317
"488","GRD","Grenada",2010,11.53234169
"489","GRD","Grenada",2020,13.58855817
"490","GRD","Grenada",2030,15.88429946
"491","GRD","Grenada",2040,18.28376038
"492","GRD","Grenada",2050,21.2177294
"493","GRL","Greenland",2000,0.367710423
"494","GRL","Greenland",2010,0.444962399
"495","GRL","Greenland",2020,0.555406074
"496","GRL","Greenland",2030,0.70420108
"497","GRL","Greenland",2040,0.898427985
"498","GRL","Greenland",2050,1.151980501
"499","GTM","Guatemala",2000,951.0300805
"500","GTM","Guatemala",2010,1136.900236
"501","GTM","Guatemala",2020,1371.845243
"502","GTM","Guatemala",2030,1591.706276
"503","GTM","Guatemala",2040,1819.921414
"504","GTM","Guatemala",2050,2063.152609
"505","GUF","French Guiana",2000,30.84564842
"506","GUF","French Guiana",2010,33.96900212
"507","GUF","French Guiana",2020,37.09406791
"508","GUF","French Guiana",2030,40.67814899
"509","GUF","French Guiana",2040,44.78478517
"510","GUF","French Guiana",2050,49.30345124
"511","GUM","Guam",2000,15.03093405
"512","GUM","Guam",2010,16.07564176
"513","GUM","Guam",2020,17.17930568
"514","GUM","Guam",2030,18.39034418
"515","GUM","Guam",2040,19.79913881
"516","GUM","Guam",2050,21.38666136
"517","GUY","Guyana",2000,164.3908427
"518","GUY","Guyana",2010,201.7431964
"519","GUY","Guyana",2020,253.2609848
"520","GUY","Guyana",2030,314.2183517
"521","GUY","Guyana",2040,380.3073989
"522","GUY","Guyana",2050,446.0233842
"523","HKG","Hong Kong",2000,79.586612
"524","HKG","Hong Kong",2010,85.45203816
"525","HKG","Hong Kong",2020,91.57625105
"526","HKG","Hong Kong",2030,98.52623634
"527","HKG","Hong Kong",2040,106.2359411
"528","HKG","Hong Kong",2050,114.7849513
"529","HND","Honduras",2000,468.2518507
"530","HND","Honduras",2010,608.3034256
"531","HND","Honduras",2020,743.6175207
"532","HND","Honduras",2030,862.2525583
"533","HND","Honduras",2040,983.0173743
"534","HND","Honduras",2050,1110.922078
"535","HRV","Croatia",2000,1041.601365
"536","HRV","Croatia",2010,1192.337953
"537","HRV","Croatia",2020,1385.650303
"538","HRV","Croatia",2030,1595.131818
"539","HRV","Croatia",2040,1820.235616
"540","HRV","Croatia",2050,2064.135797
"541","HTI","Haiti",2000,380.8522472
"542","HTI","Haiti",2010,510.1905891
"543","HTI","Haiti",2020,624.6609453
"544","HTI","Haiti",2030,718.0530786
"545","HTI","Haiti",2040,808.5290472
"546","HTI","Haiti",2050,902.216834
"547","HUN","Hungary",2000,3075.020661
"548","HUN","Hungary",2010,3497.882566
"549","HUN","Hungary",2020,3986.26562
"550","HUN","Hungary",2030,4510.194265
"551","HUN","Hungary",2040,5075.876447
"552","HUN","Hungary",2050,5690.295276
"553","IDN","Indonesia",2000,15512.85635
"554","IDN","Indonesia",2010,18926.51491
"555","IDN","Indonesia",2020,23005.55603
"556","IDN","Indonesia",2030,27252.84959
"557","IDN","Indonesia",2040,31531.80485
"558","IDN","Indonesia",2050,36181.65088
"559","IMN","Isle of Man",2000,18.93511843
"560","IMN","Isle of Man",2010,24.14047736
"561","IMN","Isle of Man",2020,26.32508734
"562","IMN","Isle of Man",2030,28.18195657
"563","IMN","Isle of Man",2040,30.26124832
"564","IMN","Isle of Man",2050,32.59527189
"565","IND","India",2000,21631.28947
"566","IND","India",2010,28081.49781
"567","IND","India",2020,36821.55855
"568","IND","India",2030,47565.36216
"569","IND","India",2040,60179.82037
"570","IND","India",2050,74401.71963
"571","IRL","Ireland",2000,848.7706256
"572","IRL","Ireland",2010,991.0800719
"573","IRL","Ireland",2020,1143.790215
"574","IRL","Ireland",2030,1305.979338
"575","IRL","Ireland",2040,1478.943041
"576","IRL","Ireland",2050,1664.829589
"577","IRN","Iran",2000,3837.439949
"578","IRN","Iran",2010,4383.824472
"579","IRN","Iran",2020,4975.553168
"580","IRN","Iran",2030,5581.051853
"581","IRN","Iran",2040,6223.279355
"582","IRN","Iran",2050,6921.838375
"583","IRQ","Iraq",2000,1515.53484
"584","IRQ","Iraq",2010,1749.08445
"585","IRQ","Iraq",2020,1935.135878
"586","IRQ","Iraq",2030,2163.395636
"587","IRQ","Iraq",2040,2416.496334
"588","IRQ","Iraq",2050,2693.961529
"589","ISL","Iceland",2000,23.55975631
"590","ISL","Iceland",2010,26.48445946
"591","ISL","Iceland",2020,28.96252891
"592","ISL","Iceland",2030,31.35650651
"593","ISL","Iceland",2040,33.8663083
"594","ISL","Iceland",2050,36.57385926
"595","ISR","Israel",2000,1175.362199
"596","ISR","Israel",2010,1309.749368
"597","ISR","Israel",2020,1422.760201
"598","ISR","Israel",2030,1542.959658
"599","ISR","Israel",2040,1674.878028
"600","ISR","Israel",2050,1819.770331
"601","ITA","Italy",2000,13796.58064
"602","ITA","Italy",2010,15706.99945
"603","ITA","Italy",2020,17914.60619
"604","ITA","Italy",2030,20320.1372
"605","ITA","Italy",2040,22926.86757
"606","ITA","Italy",2050,25741.66701
"607","JAM","Jamaica",2000,389.1973109
"608","JAM","Jamaica",2010,456.5748021
"609","JAM","Jamaica",2020,533.0054445
"610","JAM","Jamaica",2030,618.3623246
"611","JAM","Jamaica",2040,710.0933455
"612","JAM","Jamaica",2050,808.0929338
"613","JEY","Jersey",2000,17.69595218
"614","JEY","Jersey",2010,21.60306971
"615","JEY","Jersey",2020,27.08400159
"616","JEY","Jersey",2030,34.33498369
"617","JEY","Jersey",2040,43.95981385
"618","JEY","Jersey",2050,56.5099444
"619","JOR","Jordan",2000,556.7664288
"620","JOR","Jordan",2010,621.9942026
"621","JOR","Jordan",2020,687.9454612
"622","JOR","Jordan",2030,750.3110795
"623","JOR","Jordan",2040,815.7012741
"624","JOR","Jordan",2050,887.1176606
"625","JPN","Japan",2000,24836.2514
"626","JPN","Japan",2010,28046.39668
"627","JPN","Japan",2020,32030.24785
"628","JPN","Japan",2030,36434.12868
"629","JPN","Japan",2040,41250.71924
"630","JPN","Japan",2050,46466.54512
"631","KAZ","Kazakhstan",2000,1726.325682
"632","KAZ","Kazakhstan",2010,1931.40564
"633","KAZ","Kazakhstan",2020,2199.017243
"634","KAZ","Kazakhstan",2030,2490.188207
"635","KAZ","Kazakhstan",2040,2817.825798
"636","KAZ","Kazakhstan",2050,3184.880563
"637","KEN","Kenya",2000,311.1326023
"638","KEN","Kenya",2010,477.4641554
"639","KEN","Kenya",2020,709.0108953
"640","KEN","Kenya",2030,1004.158021
"641","KEN","Kenya",2040,1321.279781
"642","KEN","Kenya",2050,1659.099923
"643","KGZ","Kyrgyz Republic",2000,634.0675073
"644","KGZ","Kyrgyz Republic",2010,750.8469879
"645","KGZ","Kyrgyz Republic",2020,912.8984745
"646","KGZ","Kyrgyz Republic",2030,1098.949639
"647","KGZ","Kyrgyz Republic",2040,1290.256941
"648","KGZ","Kyrgyz Republic",2050,1480.238508
"649","KHM","Cambodia",2000,172.6849277
"650","KHM","Cambodia",2010,235.6022848
"651","KHM","Cambodia",2020,312.4539999
"652","KHM","Cambodia",2030,405.9358414
"653","KHM","Cambodia",2040,517.0701931
"654","KHM","Cambodia",2050,643.6156922
"655","KIR","Kiribati",2000,0.023094818
"656","KIR","Kiribati",2010,0.027878239
"657","KIR","Kiribati",2020,0.035069001
"658","KIR","Kiribati",2030,0.044958518
"659","KIR","Kiribati",2040,0.058373813
"660","KIR","Kiribati",2050,0.075870965
"661","KNA","Saint Kitts and Nevis",2000,7.092909397
"662","KNA","Saint Kitts and Nevis",2010,9.129348397
"663","KNA","Saint Kitts and Nevis",2020,11.69357769
"664","KNA","Saint Kitts and Nevis",2030,15.03148855
"665","KNA","Saint Kitts and Nevis",2040,19.41838737
"666","KNA","Saint Kitts and Nevis",2050,25.10210938
"667","KOR","Korea",2000,2911.342065
"668","KOR","Korea",2010,3272.760988
"669","KOR","Korea",2020,3615.70148
"670","KOR","Korea",2030,3982.780529
"671","KOR","Korea",2040,4385.463967
"672","KOR","Korea",2050,4823.780036
"673","KWT","Kuwait",2000,367.6071099
"674","KWT","Kuwait",2010,391.9328295
"675","KWT","Kuwait",2020,419.0200982
"676","KWT","Kuwait",2030,448.5873115
"677","KWT","Kuwait",2040,481.3568961
"678","KWT","Kuwait",2050,518.5383019
"679","LAO","Lao People's Democratic Republic",2000,212.315711
"680","LAO","Lao People's Democratic Republic",2010,299.9098222
"681","LAO","Lao People's Democratic Republic",2020,391.7161339
"682","LAO","Lao People's Democratic Republic",2030,487.2545332
"683","LAO","Lao People's Democratic Republic",2040,582.8814719
"684","LAO","Lao People's Democratic Republic",2050,672.9322259
"685","LBN","Lebanon",2000,468.6004616
"686","LBN","Lebanon",2010,516.8029175
"687","LBN","Lebanon",2020,566.1595684
"688","LBN","Lebanon",2030,617.6547525
"689","LBN","Lebanon",2040,673.8904765
"690","LBN","Lebanon",2050,735.7890256
"691","LBR","Liberia",2000,706.5262146
"692","LBR","Liberia",2010,877.975366
"693","LBR","Liberia",2020,1058.925221
"694","LBR","Liberia",2030,1244.873787
"695","LBR","Liberia",2040,1407.420481
"696","LBR","Liberia",2050,1573.64656
"697","LBY","Libyan Arab Jamahiriya",2000,1050.359183
"698","LBY","Libyan Arab Jamahiriya",2010,1171.076749
"699","LBY","Libyan Arab Jamahiriya",2020,1296.807115
"700","LBY","Libyan Arab Jamahiriya",2030,1432.160525
"701","LBY","Libyan Arab Jamahiriya",2040,1579.299876
"702","LBY","Libyan Arab Jamahiriya",2050,1740.166883
"703","LCA","Saint Lucia",2000,10.81696709
"704","LCA","Saint Lucia",2010,13.48984607
"705","LCA","Saint Lucia",2020,17.44815927
"706","LCA","Saint Lucia",2030,22.0873245
"707","LCA","Saint Lucia",2040,27.02330739
"708","LCA","Saint Lucia",2050,31.97369738
"709","LIE","Liechtenstein",2000,17.66576734
"710","LIE","Liechtenstein",2010,22.69043527
"711","LIE","Liechtenstein",2020,28.90103509
"712","LIE","Liechtenstein",2030,36.9918015
"713","LIE","Liechtenstein",2040,47.51449312
"714","LIE","Liechtenstein",2050,61.29714922
"715","LKA","Sri Lanka",2000,930.8016203
"716","LKA","Sri Lanka",2010,1119.897566
"717","LKA","Sri Lanka",2020,1460.11958
"718","LKA","Sri Lanka",2030,1931.480696
"719","LKA","Sri Lanka",2040,2529.984149
"720","LKA","Sri Lanka",2050,3250.781383
"721","LSO","Lesotho",2000,131.4564768
"722","LSO","Lesotho",2010,199.0453827
"723","LSO","Lesotho",2020,280.454813
"724","LSO","Lesotho",2030,365.5834108
"725","LSO","Lesotho",2040,450.44241
"726","LSO","Lesotho",2050,530.058527
"727","LTU","Lithuania",2000,344.1101605
"728","LTU","Lithuania",2010,383.3879063
"729","LTU","Lithuania",2020,433.3427534
"730","LTU","Lithuania",2030,490.8939012
"731","LTU","Lithuania",2040,554.0653813
"732","LTU","Lithuania",2050,623.2091852
"733","LUX","Luxembourg",2000,81.35428018
"734","LUX","Luxembourg",2010,90.67589733
"735","LUX","Luxembourg",2020,100.2873885
"736","LUX","Luxembourg",2030,110.419012
"737","LUX","Luxembourg",2040,121.2435806
"738","LUX","Luxembourg",2050,132.8160589
"739","LVA","Latvia",2000,176.940357
"740","LVA","Latvia",2010,197.3816149
"741","LVA","Latvia",2020,222.6464472
"742","LVA","Latvia",2030,251.4079237
"743","LVA","Latvia",2040,283.3161564
"744","LVA","Latvia",2050,318.4069264
"745","MAC","Macao",2000,11.69221438
"746","MAC","Macao",2010,12.16284755
"747","MAC","Macao",2020,13.02687187
"748","MAC","Macao",2030,14.05595889
"749","MAC","Macao",2040,15.19478906
"750","MAC","Macao",2050,16.44858474
"751","MAR","Morocco (includes Western Sahara)",2000,2188.053896
"752","MAR","Morocco (includes Western Sahara)",2010,2557.940723
"753","MAR","Morocco (includes Western Sahara)",2020,2942.95139
"754","MAR","Morocco (includes Western Sahara)",2030,3334.873932
"755","MAR","Morocco (includes Western Sahara)",2040,3752.606954
"756","MAR","Morocco (includes Western Sahara)",2050,4207.265887
"757","MCO","Monaco",2000,3.968474545
"758","MCO","Monaco",2010,4.224914098
"759","MCO","Monaco",2020,4.470269158
"760","MCO","Monaco",2030,4.752653302
"761","MCO","Monaco",2040,5.087721147
"762","MCO","Monaco",2050,5.462358364
"763","MDA","Republic of Moldova",2000,1367.462932
"764","MDA","Republic of Moldova",2010,1493.40871
"765","MDA","Republic of Moldova",2020,1662.414981
"766","MDA","Republic of Moldova",2030,1830.29005
"767","MDA","Republic of Moldova",2040,2093.443709
"768","MDA","Republic of Moldova",2050,2398.638031
"769","MDG","Madagascar",2000,210.6021753
"770","MDG","Madagascar",2010,272.9143042
"771","MDG","Madagascar",2020,360.7556198
"772","MDG","Madagascar",2030,463.5739676
"773","MDG","Madagascar",2040,573.9216349
"774","MDG","Madagascar",2050,684.5457758
"775","MDV","Maldives",2000,0.117156702
"776","MDV","Maldives",2010,0.148776992
"777","MDV","Maldives",2020,0.186256213
"778","MDV","Maldives",2030,0.224966641
"779","MDV","Maldives",2040,0.261554711
"780","MDV","Maldives",2050,0.301203907
"781","MEX","Mexico",2000,11136.10942
"782","MEX","Mexico",2010,12696.13237
"783","MEX","Mexico",2020,14184.8629
"784","MEX","Mexico",2030,15737.58902
"785","MEX","Mexico",2040,17393.10759
"786","MEX","Mexico",2050,19160.62091
"787","MHL","Marshall Islands",2000,0.000761678
"788","MHL","Marshall Islands",2010,0.000881467
"789","MHL","Marshall Islands",2020,0.000946049
"790","MHL","Marshall Islands",2030,0.0010099
"791","MHL","Marshall Islands",2040,0.001081268
"792","MHL","Marshall Islands",2050,0.001163144
"793","MKD","Macedonia",2000,323.6285326
"794","MKD","Macedonia",2010,369.2713212
"795","MKD","Macedonia",2020,425.0963437
"796","MKD","Macedonia",2030,483.8074039
"797","MKD","Macedonia",2040,546.3908904
"798","MKD","Macedonia",2050,614.4680191
"799","MLI","Mali",2000,339.0402862
"800","MLI","Mali",2010,461.5462744
"801","MLI","Mali",2020,627.285262
"802","MLI","Mali",2030,806.1023268
"803","MLI","Mali",2040,988.9225277
"804","MLI","Mali",2050,1165.429713
"805","MLT","Malta",2000,72.04401359
"806","MLT","Malta",2010,79.48436157
"807","MLT","Malta",2020,86.69526202
"808","MLT","Malta",2030,93.94543619
"809","MLT","Malta",2040,101.6030273
"810","MLT","Malta",2050,109.9737784
"811","MMR","Myanmar",2000,1253.644967
"812","MMR","Myanmar",2010,1607.856179
"813","MMR","Myanmar",2020,1996.968996
"814","MMR","Myanmar",2030,2436.562301
"815","MMR","Myanmar",2040,2908.091294
"816","MMR","Myanmar",2050,3380.299037
"817","MNG","Mongolia",2000,119.6501695
"818","MNG","Mongolia",2010,135.6377214
"819","MNG","Mongolia",2020,149.4267426
"820","MNG","Mongolia",2030,166.4302264
"821","MNG","Mongolia",2040,185.8653347
"822","MNG","Mongolia",2050,207.554662
"823","MNP","Northern Mariana Islands",2000,2.912231137
"824","MNP","Northern Mariana Islands",2010,3.192339725
"825","MNP","Northern Mariana Islands",2020,3.400085401
"826","MNP","Northern Mariana Islands",2030,3.630953688
"827","MNP","Northern Mariana Islands",2040,3.906806661
"828","MNP","Northern Mariana Islands",2050,4.220044138
"829","MOZ","Mozambique",2000,875.2796428
"830","MOZ","Mozambique",2010,1227.559488
"831","MOZ","Mozambique",2020,1596.477115
"832","MOZ","Mozambique",2030,1970.912686
"833","MOZ","Mozambique",2040,2339.549668
"834","MOZ","Mozambique",2050,2687.965278
"835","MRT","Mauritania",2000,174.3658297
"836","MRT","Mauritania",2010,209.4117709
"837","MRT","Mauritania",2020,258.4079928
"838","MRT","Mauritania",2030,313.6911603
"839","MRT","Mauritania",2040,369.9570591
"840","MRT","Mauritania",2050,425.2268392
"841","MSR","Montserrat",2000,1.328436092
"842","MSR","Montserrat",2010,2.036348743
"843","MSR","Montserrat",2020,2.745146583
"844","MSR","Montserrat",2030,3.52233767
"845","MSR","Montserrat",2040,4.62038058
"846","MSR","Montserrat",2050,5.971255539
"847","MTQ","Martinique",2000,34.85267069
"848","MTQ","Martinique",2010,38.77401076
"849","MTQ","Martinique",2020,42.08457488
"850","MTQ","Martinique",2030,45.54292648
"851","MTQ","Martinique",2040,49.40820685
"852","MTQ","Martinique",2050,53.67350094
"853","MUS","Mauritius",2000,120.3129669
"854","MUS","Mauritius",2010,132.6938706
"855","MUS","Mauritius",2020,154.998926
"856","MUS","Mauritius",2030,180.0159623
"857","MUS","Mauritius",2040,205.680756
"858","MUS","Mauritius",2050,237.3169767
"859","MWI","Malawi",2000,732.92296
"860","MWI","Malawi",2010,1147.001578
"861","MWI","Malawi",2020,1761.149512
"862","MWI","Malawi",2030,2639.734804
"863","MWI","Malawi",2040,3802.748066
"864","MWI","Malawi",2050,5000.607102
"865","MYS","Malaysia",2000,4433.976299
"866","MYS","Malaysia",2010,5158.556106
"867","MYS","Malaysia",2020,5796.732624
"868","MYS","Malaysia",2030,6459.959451
"869","MYS","Malaysia",2040,7174.336664
"870","MYS","Malaysia",2050,7948.866392
"871","MYT","Mayotte",2000,7.753458899
"872","MYT","Mayotte",2010,9.060640888
"873","MYT","Mayotte",2020,10.68058631
"874","MYT","Mayotte",2030,12.25219379
"875","MYT","Mayotte",2040,13.96368897
"876","MYT","Mayotte",2050,15.85600091
"877","NAM","Namibia",2000,443.0323192
"878","NAM","Namibia",2010,619.0611439
"879","NAM","Namibia",2020,808.1404727
"880","NAM","Namibia",2030,1003.413473
"881","NAM","Namibia",2040,1200.639961
"882","NAM","Namibia",2050,1393.790522
"883","NCL","New Caledonia",2000,11.66981783
"884","NCL","New Caledonia",2010,13.07468005
"885","NCL","New Caledonia",2020,14.9985936
"886","NCL","New Caledonia",2030,17.15160903
"887","NCL","New Caledonia",2040,19.50673724
"888","NCL","New Caledonia",2050,22.07914855
"889","NER","Niger",2000,335.4082531
"890","NER","Niger",2010,528.2250102
"891","NER","Niger",2020,823.9497167
"892","NER","Niger",2030,1250.821466
"893","NER","Niger",2040,1823.211169
"894","NER","Niger",2050,2465.346941
"895","NFK","Norfolk Island",2000,0.003234627
"896","NFK","Norfolk Island",2010,0.00384722
"897","NFK","Norfolk Island",2020,0.00474851
"898","NFK","Norfolk Island",2030,0.005967625
"899","NFK","Norfolk Island",2040,0.00758642
"900","NFK","Norfolk Island",2050,0.00970452
"901","NGA","Nigeria",2000,6980.755808
"902","NGA","Nigeria",2010,8906.76473
"903","NGA","Nigeria",2020,10898.80517
"904","NGA","Nigeria",2030,12579.00878
"905","NGA","Nigeria",2040,14277.24923
"906","NGA","Nigeria",2050,16052.68096
"907","NIC","Nicaragua",2000,213.1508811
"908","NIC","Nicaragua",2010,255.4567587
"909","NIC","Nicaragua",2020,296.6540866
"910","NIC","Nicaragua",2030,337.3052259
"911","NIC","Nicaragua",2040,379.7223732
"912","NIC","Nicaragua",2050,425.4954853
"913","NIU","Niue",2000,0
"914","NIU","Niue",2010,0
"915","NIU","Niue",2020,0
"916","NIU","Niue",2030,0
"917","NIU","Niue",2040,0
"918","NIU","Niue",2050,0
"919","NLD","Netherlands",2000,3677.462254
"920","NLD","Netherlands",2010,4201.149267
"921","NLD","Netherlands",2020,4688.874845
"922","NLD","Netherlands",2030,5195.499259
"923","NLD","Netherlands",2040,5731.454549
"924","NLD","Netherlands",2050,6298.819771
"925","NOR","Norway",2000,1430.641467
"926","NOR","Norway",2010,1612.912732
"927","NOR","Norway",2020,1802.194532
"928","NOR","Norway",2030,2003.893413
"929","NOR","Norway",2040,2218.186971
"930","NOR","Norway",2050,2446.403538
"931","NPL","Nepal",2000,314.5333899
"932","NPL","Nepal",2010,429.680174
"933","NPL","Nepal",2020,591.4234005
"934","NPL","Nepal",2030,791.5206159
"935","NPL","Nepal",2040,1028.878801
"936","NPL","Nepal",2050,1296.595572
"937","NRU","Nauru",2000,0.071701372
"938","NRU","Nauru",2010,0.076452432
"939","NRU","Nauru",2020,0.08122508
"940","NRU","Nauru",2030,0.086409413
"941","NRU","Nauru",2040,0.092804927
"942","NRU","Nauru",2050,0.100035364
"943","NZL","New Zealand",2000,1183.3284
"944","NZL","New Zealand",2010,1306.279044
"945","NZL","New Zealand",2020,1439.590891
"946","NZL","New Zealand",2030,1583.121596
"947","NZL","New Zealand",2040,1735.973927
"948","NZL","New Zealand",2050,1897.917317
"949","OMN","Oman",2000,195.5504987
"950","OMN","Oman",2010,218.090826
"951","OMN","Oman",2020,243.8041003
"952","OMN","Oman",2030,271.8629795
"953","OMN","Oman",2040,302.1687777
"954","OMN","Oman",2050,335.1635509
"955","PAK","Pakistan",2000,2716.4964
"956","PAK","Pakistan",2010,3380.745189
"957","PAK","Pakistan",2020,4276.147305
"958","PAK","Pakistan",2030,5295.646991
"959","PAK","Pakistan",2040,6360.897364
"960","PAK","Pakistan",2050,7414.809378
"961","PAN","Panama",2000,216.7876641
"962","PAN","Panama",2010,254.7941891
"963","PAN","Panama",2020,283.2761194
"964","PAN","Panama",2030,313.464865
"965","PAN","Panama",2040,346.4915939
"966","PAN","Panama",2050,382.2928836
"967","PCN","Pitcairn",2000,0
"968","PCN","Pitcairn",2010,0
"969","PCN","Pitcairn",2020,0
"970","PCN","Pitcairn",2030,0
"971","PCN","Pitcairn",2040,0
"972","PCN","Pitcairn",2050,0
"973","PER","Peru",2000,2098.100819
"974","PER","Peru",2010,2325.920597
"975","PER","Peru",2020,2566.412779
"976","PER","Peru",2030,2833.267946
"977","PER","Peru",2040,3128.864738
"978","PER","Peru",2050,3450.266128
"979","PHL","Philippines",2000,2259.745439
"980","PHL","Philippines",2010,2649.858641
"981","PHL","Philippines",2020,3132.192772
"982","PHL","Philippines",2030,3633.445058
"983","PHL","Philippines",2040,4166.206992
"984","PHL","Philippines",2050,4736.055807
"985","PLW","Palau",2000,0.750250904
"986","PLW","Palau",2010,0.861487599
"987","PLW","Palau",2020,0.921648484
"988","PLW","Palau",2030,0.980049416
"989","PLW","Palau",2040,1.049569626
"990","PLW","Palau",2050,1.129460228
"991","PNG","Papua New Guinea",2000,220.9982077
"992","PNG","Papua New Guinea",2010,282.9614864
"993","PNG","Papua New Guinea",2020,389.5465365
"994","PNG","Papua New Guinea",2030,539.1837217
"995","PNG","Papua New Guinea",2040,731.0714353
"996","PNG","Papua New Guinea",2050,962.112032
"997","POL","Poland",2000,6837.244092
"998","POL","Poland",2010,7725.397462
"999","POL","Poland",2020,8858.686008
"1000","POL","Poland",2030,10114.24633
"1001","POL","Poland",2040,11480.68628
"1002","POL","Poland",2050,12969.95628
"1003","PRI","Puerto Rico",2000,904.9354001
"1004","PRI","Puerto Rico",2010,1005.683751
"1005","PRI","Puerto Rico",2020,1091.976179
"1006","PRI","Puerto Rico",2030,1180.834002
"1007","PRI","Puerto Rico",2040,1277.493568
"1008","PRI","Puerto Rico",2050,1383.725063
"1009","PRK","Korea, Dem. People's Rep. of",2000,1449.602937
"1010","PRK","Korea, Dem. People's Rep. of",2010,1644.8702
"1011","PRK","Korea, Dem. People's Rep. of",2020,1870.429866
"1012","PRK","Korea, Dem. People's Rep. of",2030,2118.989334
"1013","PRK","Korea, Dem. People's Rep. of",2040,2395.966608
"1014","PRK","Korea, Dem. People's Rep. of",2050,2700.662489
"1015","PRT","Portugal",2000,3186.519327
"1016","PRT","Portugal",2010,3802.686733
"1017","PRT","Portugal",2020,4428.943195
"1018","PRT","Portugal",2030,5079.201971
"1019","PRT","Portugal",2040,5771.413016
"1020","PRT","Portugal",2050,6511.218706
"1021","PRY","Paraguay",2000,246.6070003
"1022","PRY","Paraguay",2010,285.5564753
"1023","PRY","Paraguay",2020,326.6974938
"1024","PRY","Paraguay",2030,368.7026845
"1025","PRY","Paraguay",2040,412.9858777
"1026","PRY","Paraguay",2050,460.4789634
"1027","PSE","Occupied Palestinian Territory",2000,146.8922768
"1028","PSE","Occupied Palestinian Territory",2010,170.294744
"1029","PSE","Occupied Palestinian Territory",2020,189.5851391
"1030","PSE","Occupied Palestinian Territory",2030,208.3049648
"1031","PSE","Occupied Palestinian Territory",2040,228.4078995
"1032","PSE","Occupied Palestinian Territory",2050,250.4730451
"1033","PYF","French Polynesia",2000,0.005363261
"1034","PYF","French Polynesia",2010,0.005926734
"1035","PYF","French Polynesia",2020,0.006849693
"1036","PYF","French Polynesia",2030,0.007955981
"1037","PYF","French Polynesia",2040,0.009156131
"1038","PYF","French Polynesia",2050,0.010443897
"1039","QAT","Qatar",2000,157.9874674
"1040","QAT","Qatar",2010,161.458134
"1041","QAT","Qatar",2020,169.2011132
"1042","QAT","Qatar",2030,182.0085075
"1043","QAT","Qatar",2040,197.4291128
"1044","QAT","Qatar",2050,214.4725731
"1045","REU","Reunion",2000,120.9341675
"1046","REU","Reunion",2010,130.3516028
"1047","REU","Reunion",2020,139.3611114
"1048","REU","Reunion",2030,148.9926309
"1049","REU","Reunion",2040,160.1212379
"1050","REU","Reunion",2050,172.6302623
"1051","ROU","Romania",2000,4832.171755
"1052","ROU","Romania",2010,5404.54883
"1053","ROU","Romania",2020,6237.66622
"1054","ROU","Romania",2030,7148.130553
"1055","ROU","Romania",2040,8144.852398
"1056","ROU","Romania",2050,9238.157668
"1057","RUS","Russia",2000,21533.05202
"1058","RUS","Russia",2010,23853.98622
"1059","RUS","Russia",2020,26681.5313
"1060","RUS","Russia",2030,29779.0257
"1061","RUS","Russia",2040,33160.05194
"1062","RUS","Russia",2050,36866.53718
"1063","RWA","Rwanda",2000,127.5840117
"1064","RWA","Rwanda",2010,195.4162419
"1065","RWA","Rwanda",2020,297.9082969
"1066","RWA","Rwanda",2030,443.9891762
"1067","RWA","Rwanda",2040,630.1163581
"1068","RWA","Rwanda",2050,822.7340027
"1069","SAU","Saudi Arabia",2000,2409.318542
"1070","SAU","Saudi Arabia",2010,2701.881963
"1071","SAU","Saudi Arabia",2020,2975.580136
"1072","SAU","Saudi Arabia",2030,3266.869559
"1073","SAU","Saudi Arabia",2040,3586.601539
"1074","SAU","Saudi Arabia",2050,3935.266935
"1075","SCG","Serbia and Montenegro",2000,1085.678683
"1076","SCG","Serbia and Montenegro",2010,1198.315133
"1077","SCG","Serbia and Montenegro",2020,1385.025905
"1078","SCG","Serbia and Montenegro",2030,1591.323634
"1079","SCG","Serbia and Montenegro",2040,1815.624086
"1080","SCG","Serbia and Montenegro",2050,2059.379529
"1081","SDN","Sudan",2000,1095.925174
"1082","SDN","Sudan",2010,1483.78379
"1083","SDN","Sudan",2020,1939.251551
"1084","SDN","Sudan",2030,2439.369599
"1085","SDN","Sudan",2040,2961.466446
"1086","SDN","Sudan",2050,3418.547768
"1087","SEN","Senegal",2000,436.0111947
"1088","SEN","Senegal",2010,542.497518
"1089","SEN","Senegal",2020,671.6395371
"1090","SEN","Senegal",2030,808.3679533
"1091","SEN","Senegal",2040,940.5967005
"1092","SEN","Senegal",2050,1074.006965
"1093","SGP","Singapore",2000,145.1712983
"1094","SGP","Singapore",2010,152.9386745
"1095","SGP","Singapore",2020,163.3551089
"1096","SGP","Singapore",2030,175.7377213
"1097","SGP","Singapore",2040,189.8930636
"1098","SGP","Singapore",2050,205.6409077
"1099","SHN","Saint Helena",2000,3.533770572
"1100","SHN","Saint Helena",2010,4.195077856
"1101","SHN","Saint Helena",2020,5.0305297
"1102","SHN","Saint Helena",2030,6.196497906
"1103","SHN","Saint Helena",2040,8.069859404
"1104","SHN","Saint Helena",2050,10.40445537
"1105","SJM","Svalbard",2000,0
"1106","SJM","Svalbard",2010,0
"1107","SJM","Svalbard",2020,0
"1108","SJM","Svalbard",2030,0
"1109","SJM","Svalbard",2040,0
"1110","SJM","Svalbard",2050,0
"1111","SLB","Solomon Islands",2000,14.17046136
"1112","SLB","Solomon Islands",2010,18.99050826
"1113","SLB","Solomon Islands",2020,25.84850541
"1114","SLB","Solomon Islands",2030,34.53767136
"1115","SLB","Solomon Islands",2040,45.01298743
"1116","SLB","Solomon Islands",2050,57.11061538
"1117","SLE","Sierra Leone",2000,426.8231216
"1118","SLE","Sierra Leone",2010,511.7460525
"1119","SLE","Sierra Leone",2020,633.7968007
"1120","SLE","Sierra Leone",2030,768.6884456
"1121","SLE","Sierra Leone",2040,903.2772948
"1122","SLE","Sierra Leone",2050,1029.42675
"1123","SLV","El Salvador",2000,271.2651455
"1124","SLV","El Salvador",2010,317.0683629
"1125","SLV","El Salvador",2020,364.5320018
"1126","SLV","El Salvador",2030,414.3174243
"1127","SLV","El Salvador",2040,467.1890896
"1128","SLV","El Salvador",2050,523.5109276
"1129","SMR","San Marino",2000,10.94971944
"1130","SMR","San Marino",2010,11.88250609
"1131","SMR","San Marino",2020,12.63896224
"1132","SMR","San Marino",2030,13.48691103
"1133","SMR","San Marino",2040,14.4915673
"1134","SMR","San Marino",2050,15.62161874
"1135","SOM","Somalia",2000,2669.393943
"1136","SOM","Somalia",2010,3390.388797
"1137","SOM","Somalia",2020,4303.398187
"1138","SOM","Somalia",2030,5234.201245
"1139","SOM","Somalia",2040,6143.649699
"1140","SOM","Somalia",2050,6964.292586
"1141","SPM","Saint Pierre and Miquelon",2000,0.440293894
"1142","SPM","Saint Pierre and Miquelon",2010,0.548378256
"1143","SPM","Saint Pierre and Miquelon",2020,0.683141039
"1144","SPM","Saint Pierre and Miquelon",2030,0.861075989
"1145","SPM","Saint Pierre and Miquelon",2040,1.095699505
"1146","SPM","Saint Pierre and Miquelon",2050,1.402047553
"1147","STP","Sao Tome and Principe",2000,9.961438391
"1148","STP","Sao Tome and Principe",2010,11.53881214
"1149","STP","Sao Tome and Principe",2020,12.53473982
"1150","STP","Sao Tome and Principe",2030,13.90219827
"1151","STP","Sao Tome and Principe",2040,15.51716976
"1152","STP","Sao Tome and Principe",2050,17.32539187
"1153","SUR","Suriname",2000,106.5120989
"1154","SUR","Suriname",2010,119.2745939
"1155","SUR","Suriname",2020,133.852475
"1156","SUR","Suriname",2030,149.5230616
"1157","SUR","Suriname",2040,166.6176013
"1158","SUR","Suriname",2050,185.1581666
"1159","SVK","Slovakia",2000,1481.945199
"1160","SVK","Slovakia",2010,1602.061729
"1161","SVK","Slovakia",2020,1842.996258
"1162","SVK","Slovakia",2030,2120.087703
"1163","SVK","Slovakia",2040,2422.91965
"1164","SVK","Slovakia",2050,2754.962782
"1165","SVN","Slovenia",2000,433.3929466
"1166","SVN","Slovenia",2010,474.0754642
"1167","SVN","Slovenia",2020,540.3204121
"1168","SVN","Slovenia",2030,627.3304691
"1169","SVN","Slovenia",2040,723.8594882
"1170","SVN","Slovenia",2050,829.1956965
"1171","SWE","Sweden",2000,1701.305575
"1172","SWE","Sweden",2010,1878.065943
"1173","SWE","Sweden",2020,2072.41397
"1174","SWE","Sweden",2030,2283.006064
"1175","SWE","Sweden",2040,2508.75866
"1176","SWE","Sweden",2050,2749.976083
"1177","SWZ","Swaziland",2000,92.02714701
"1178","SWZ","Swaziland",2010,142.3602085
"1179","SWZ","Swaziland",2020,207.7892029
"1180","SWZ","Swaziland",2030,280.5938246
"1181","SWZ","Swaziland",2040,360.023351
"1182","SWZ","Swaziland",2050,444.2985042
"1183","SYC","Seychelles",2000,1.4230695
"1184","SYC","Seychelles",2010,1.803943938
"1185","SYC","Seychelles",2020,1.966701596
"1186","SYC","Seychelles",2030,2.107384745
"1187","SYC","Seychelles",2040,2.264091642
"1188","SYC","Seychelles",2050,2.440602123
"1189","SYR","Syrian Arab Republic",2000,1729.247222
"1190","SYR","Syrian Arab Republic",2010,2044.707717
"1191","SYR","Syrian Arab Republic",2020,2361.701451
"1192","SYR","Syrian Arab Republic",2030,2683.104332
"1193","SYR","Syrian Arab Republic",2040,3027.688177
"1194","SYR","Syrian Arab Republic",2050,3402.059845
"1195","TCA","Turks and Caicos Islands",2000,2.151655303
"1196","TCA","Turks and Caicos Islands",2010,2.497471047
"1197","TCA","Turks and Caicos Islands",2020,2.664715588
"1198","TCA","Turks and Caicos Islands",2030,2.83567833
"1199","TCA","Turks and Caicos Islands",2040,3.040451226
"1200","TCA","Turks and Caicos Islands",2050,3.276531885
"1201","TCD","Chad",2000,122.8778869
"1202","TCD","Chad",2010,184.0748085
"1203","TCD","Chad",2020,262.2829266
"1204","TCD","Chad",2030,351.8280689
"1205","TCD","Chad",2040,449.2832135
"1206","TCD","Chad",2050,549.73119
"1207","TGO","Togo",2000,187.4779765
"1208","TGO","Togo",2010,257.4138574
"1209","TGO","Togo",2020,327.113422
"1210","TGO","Togo",2030,393.2651183
"1211","TGO","Togo",2040,454.5640207
"1212","TGO","Togo",2050,517.1360322
"1213","THA","Thailand",2000,4618.169901
"1214","THA","Thailand",2010,5657.792864
"1215","THA","Thailand",2020,7029.711619
"1216","THA","Thailand",2030,8550.260688
"1217","THA","Thailand",2040,10160.34188
"1218","THA","Thailand",2050,11780.65281
"1219","TJK","Tajikistan",2000,289.2668694
"1220","TJK","Tajikistan",2010,333.3165034
"1221","TJK","Tajikistan",2020,414.3805823
"1222","TJK","Tajikistan",2030,515.6734617
"1223","TJK","Tajikistan",2040,627.9868766
"1224","TJK","Tajikistan",2050,745.1483792
"1225","TKL","Tokelau",2000,0
"1226","TKL","Tokelau",2010,0
"1227","TKL","Tokelau",2020,0
"1228","TKL","Tokelau",2030,0
"1229","TKL","Tokelau",2040,0
"1230","TKL","Tokelau",2050,0
"1231","TKM","Turkmenistan",2000,112.5119306
"1232","TKM","Turkmenistan",2010,126.4237875
"1233","TKM","Turkmenistan",2020,142.6615564
"1234","TKM","Turkmenistan",2030,162.6102564
"1235","TKM","Turkmenistan",2040,185.8230299
"1236","TKM","Turkmenistan",2050,212.2226182
"1237","TLS","East Timor",2000,79.64941292
"1238","TLS","East Timor",2010,97.61922765
"1239","TLS","East Timor",2020,124.3786869
"1240","TLS","East Timor",2030,156.3967997
"1241","TLS","East Timor",2040,191.9256748
"1242","TLS","East Timor",2050,227.8216523
"1243","TON","Tonga",2000,0.088751217
"1244","TON","Tonga",2010,0.10210491
"1245","TON","Tonga",2020,0.129287206
"1246","TON","Tonga",2030,0.164129801
"1247","TON","Tonga",2040,0.204020252
"1248","TON","Tonga",2050,0.246500549
"1249","TTO","Trinidad and Tobago",2000,177.305825
"1250","TTO","Trinidad and Tobago",2010,226.0852959
"1251","TTO","Trinidad and Tobago",2020,305.4526059
"1252","TTO","Trinidad and Tobago",2030,411.8383737
"1253","TTO","Trinidad and Tobago",2040,544.7489228
"1254","TTO","Trinidad and Tobago",2050,702.9798062
"1255","TUN","Tunisia",2000,1080.866108
"1256","TUN","Tunisia",2010,1236.655083
"1257","TUN","Tunisia",2020,1398.652539
"1258","TUN","Tunisia",2030,1564.934215
"1259","TUN","Tunisia",2040,1748.062535
"1260","TUN","Tunisia",2050,1952.116627
"1261","TUR","Turkey",2000,5846.378519
"1262","TUR","Turkey",2010,6770.903825
"1263","TUR","Turkey",2020,7631.81166
"1264","TUR","Turkey",2030,8565.96932
"1265","TUR","Turkey",2040,9593.747572
"1266","TUR","Turkey",2050,10717.76304
"1267","TUV","Tuvalu",2000,0.000526151
"1268","TUV","Tuvalu",2010,0.000526151
"1269","TUV","Tuvalu",2020,0.000553724
"1270","TUV","Tuvalu",2030,0.000588229
"1271","TUV","Tuvalu",2040,0.000631637
"1272","TUV","Tuvalu",2050,0.00067875
"1273","TWN","Taiwan",2000,2067.552675
"1274","TWN","Taiwan",2010,2356.799225
"1275","TWN","Taiwan",2020,2643.203963
"1276","TWN","Taiwan",2030,2954.395697
"1277","TWN","Taiwan",2040,3291.041861
"1278","TWN","Taiwan",2050,3660.067841
"1279","TZA","United Rep. of Tanzania",2000,909.0571018
"1280","TZA","United Rep. of Tanzania",2010,1391.346673
"1281","TZA","United Rep. of Tanzania",2020,2007.957662
"1282","TZA","United Rep. of Tanzania",2030,2690.130262
"1283","TZA","United Rep. of Tanzania",2040,3438.091678
"1284","TZA","United Rep. of Tanzania",2050,4234.551329
"1285","UGA","Uganda",2000,485.9820354
"1286","UGA","Uganda",2010,801.4443476
"1287","UGA","Uganda",2020,1303.565005
"1288","UGA","Uganda",2030,2056.784479
"1289","UGA","Uganda",2040,3114.081871
"1290","UGA","Uganda",2050,4499.697814
"1291","UKR","Ukraine",2000,12621.63449
"1292","UKR","Ukraine",2010,14132.2591
"1293","UKR","Ukraine",2020,15932.38795
"1294","UKR","Ukraine",2030,17887.67692
"1295","UKR","Ukraine",2040,20014.15939
"1296","UKR","Ukraine",2050,22337.89571
"1297","URY","Uruguay",2000,450.5538151
"1298","URY","Uruguay",2010,495.5090309
"1299","URY","Uruguay",2020,538.0068197
"1300","URY","Uruguay",2030,584.2018496
"1301","URY","Uruguay",2040,635.1324427
"1302","URY","Uruguay",2050,690.7586835
"1303","USA","United States of America",2000,123957.2994
"1304","USA","United States of America",2010,139497.9571
"1305","USA","United States of America",2020,154931.1639
"1306","USA","United States of America",2030,171362.9558
"1307","USA","United States of America",2040,189117.2309
"1308","USA","United States of America",2050,208246.8606
"1309","UZB","Uzbekistan",2000,2755.816251
"1310","UZB","Uzbekistan",2010,3163.746284
"1311","UZB","Uzbekistan",2020,3778.472863
"1312","UZB","Uzbekistan",2030,4497.318186
"1313","UZB","Uzbekistan",2040,5264.721022
"1314","UZB","Uzbekistan",2050,6037.030782
"1315","VCT","Saint Vincent",2000,15.76975637
"1316","VCT","Saint Vincent",2010,18.50760251
"1317","VCT","Saint Vincent",2020,21.53406765
"1318","VCT","Saint Vincent",2030,25.07447935
"1319","VCT","Saint Vincent",2040,28.95637039
"1320","VCT","Saint Vincent",2050,33.15170719
"1321","VEN","Venezuela",2000,2553.743341
"1322","VEN","Venezuela",2010,2824.518597
"1323","VEN","Venezuela",2020,3073.605611
"1324","VEN","Venezuela",2030,3327.72412
"1325","VEN","Venezuela",2040,3596.478999
"1326","VEN","Venezuela",2050,3883.650044
"1327","VGB","British Virgin Islands",2000,5.007739073
"1328","VGB","British Virgin Islands",2010,6.884677117
"1329","VGB","British Virgin Islands",2020,9.195771968
"1330","VGB","British Virgin Islands",2030,11.98774018
"1331","VGB","British Virgin Islands",2040,15.51159867
"1332","VGB","British Virgin Islands",2050,20.11100087
"1333","VIR","United States Virgin Islands",2000,30.53581258
"1334","VIR","United States Virgin Islands",2010,34.07469295
"1335","VIR","United States Virgin Islands",2020,36.64730243
"1336","VIR","United States Virgin Islands",2030,39.32194258
"1337","VIR","United States Virgin Islands",2040,42.36256153
"1338","VIR","United States Virgin Islands",2050,45.74290444
"1339","VNM","Viet Nam",2000,2627.860524
"1340","VNM","Viet Nam",2010,3458.927132
"1341","VNM","Viet Nam",2020,4405.093677
"1342","VNM","Viet Nam",2030,5471.61106
"1343","VNM","Viet Nam",2040,6613.712616
"1344","VNM","Viet Nam",2050,7771.711228
"1345","VUT","Vanuatu",2000,1.82451506
"1346","VUT","Vanuatu",2010,2.246233677
"1347","VUT","Vanuatu",2020,2.954889819
"1348","VUT","Vanuatu",2030,3.826139789
"1349","VUT","Vanuatu",2040,4.792206136
"1350","VUT","Vanuatu",2050,5.794035365
"1351","WLF","Wallis and Futuna",2000,0.118244253
"1352","WLF","Wallis and Futuna",2010,0.141605452
"1353","WLF","Wallis and Futuna",2020,0.175023796
"1354","WLF","Wallis and Futuna",2030,0.218107133
"1355","WLF","Wallis and Futuna",2040,0.2765194
"1356","WLF","Wallis and Futuna",2050,0.353414127
"1357","WSM","Western Samoa",2000,4.197564859
"1358","WSM","Western Samoa",2010,4.828401026
"1359","WSM","Western Samoa",2020,6.098589611
"1360","WSM","Western Samoa",2030,7.786855219
"1361","WSM","Western Samoa",2040,9.83144357
"1362","WSM","Western Samoa",2050,12.13637372
"1363","YEM","Yemen",2000,858.7866585
"1364","YEM","Yemen",2010,1198.058286
"1365","YEM","Yemen",2020,1637.434083
"1366","YEM","Yemen",2030,2128.421977
"1367","YEM","Yemen",2040,2637.004944
"1368","YEM","Yemen",2050,3146.204109
"1369","ZAF","South Africa",2000,11147.87396
"1370","ZAF","South Africa",2010,13094.46357
"1371","ZAF","South Africa",2020,15036.6759
"1372","ZAF","South Africa",2030,17067.25676
"1373","ZAF","South Africa",2040,19254.37223
"1374","ZAF","South Africa",2050,21618.57791
"1375","ZMB","Zambia",2000,817.3027048
"1376","ZMB","Zambia",2010,1023.402711
"1377","ZMB","Zambia",2020,1292.719568
"1378","ZMB","Zambia",2030,1604.100262
"1379","ZMB","Zambia",2040,1938.952698
"1380","ZMB","Zambia",2050,2275.739877
"1381","ZWE","Zimbabwe",2000,972.4178802
"1382","ZWE","Zimbabwe",2010,1342.721337
"1383","ZWE","Zimbabwe",2020,1701.902356
"1384","ZWE","Zimbabwe",2030,2045.684901
"1385","ZWE","Zimbabwe",2040,2348.338049
"1386","ZWE","Zimbabwe",2050,2603.787437
